{"cameraMode":{"drawMode":0,"name":"Shaded","section":"Shading Mode"},"sceneLighting":true,"audioPlay":false,"sceneViewState":{"showFog":true,"showMaterialUpdate":false,"showSkybox":true,"showFlares":true,"showImageEffects":true,"showParticleSystems":true},"in2DMode":false,"pivot":{"x":-11.75711727142334,"y":7.9209699630737309,"z":6.759593963623047},"rotation":{"x":0.09067923575639725,"y":-0.8990585803985596,"z":0.22287572920322419,"w":0.36579400300979617},"size":9.463330268859864,"orthographic":false}